2,Carlos Diaz,carlos.diaz@example.com,099123456,80000.0,true
3,Mariana Lopez,mariana.lopez@example.com,096987654,120000.0,true
4,Juan Perez,juan.perez@example.com,091555444,50000.0,true
5,Ana Rodriguez,ana.rodriguez@example.com,098333222,70000.0,true
6,Diego Fernandez,diego.fernandez@example.com,092111333,65000.0,false
7,Lucia Gomez,lucia.gomez@example.com,095444777,90000.0,true
8,Martin Suarez,martin.suarez@example.com,099888777,40000.0,true
9,Sofia Alvarez,sofia.alvarez@example.com,094222111,110000.0,true
10,Pablo Martinez,pablo.martinez@example.com,093666555,75000.0,true
11,Laura Castillo,laura.castillo@example.com,097000111,85000.0,true
1,Carlos Diaz,carlos.diaz@example.com,099123456,80000.0,true
2,Mariana Lopez,mariana.lopez@example.com,096987654,120000.0,true
3,Juan Perez,juan.perez@example.com,091555444,50000.0,true
4,Ana Rodriguez,ana.rodriguez@example.com,098333222,70000.0,true
5,Diego Fernandez,diego.fernandez@example.com,092111333,65000.0,false
6,Lucia Gomez,lucia.gomez@example.com,095444777,90000.0,true
7,Martin Suarez,martin.suarez@example.com,099888777,40000.0,true
8,Sofia Alvarez,sofia.alvarez@example.com,094222111,110000.0,true
9,Pablo Martinez,pablo.martinez@example.com,093666555,75000.0,true
10,Laura Castillo,laura.castillo@example.com,097000111,85000.0,true
